{
  "main": {
    "id": "a4ba8c1a6f0300ff",
    "type": "split",
    "children": [
      {
        "id": "1ae6b191f3a4f3c8",
        "type": "tabs",
        "children": [
          {
            "id": "6a37d44831c3cec1",
            "type": "leaf",
            "state": {
              "type": "markdown",
              "state": {
                "file": "Геймдизайн/Модули/Боевые/Вооружение/Лазеры/Лазеры.md",
                "mode": "source",
                "source": false
              }
            }
          }
        ]
      }
    ],
    "direction": "vertical"
  },
  "left": {
    "id": "1acea87a97e44e91",
    "type": "mobile-drawer",
    "children": [
      {
        "id": "edfb8bdc4cd03234",
        "type": "leaf",
        "state": {
          "type": "file-explorer",
          "state": {
            "sortOrder": "alphabetical"
          }
        }
      },
      {
        "id": "73b11304e72eb7e2",
        "type": "leaf",
        "state": {
          "type": "search",
          "state": {
            "query": "",
            "matchingCase": false,
            "explainSearch": false,
            "collapseAll": false,
            "extraContext": false,
            "sortOrder": "alphabetical"
          }
        }
      },
      {
        "id": "17a462166623af9e",
        "type": "leaf",
        "state": {
          "type": "tag",
          "state": {
            "sortOrder": "frequency",
            "useHierarchy": true
          }
        }
      },
      {
        "id": "397a9c0537849bcf",
        "type": "leaf",
        "state": {
          "type": "bookmarks",
          "state": {}
        }
      }
    ],
    "currentTab": 0
  },
  "right": {
    "id": "d642a80c721935e6",
    "type": "mobile-drawer",
    "children": [
      {
        "id": "4f4bbda1c11a5b2c",
        "type": "leaf",
        "state": {
          "type": "backlink",
          "state": {
            "file": "Геймдизайн/Модули/Боевые/Вооружение/Лазеры/Лазеры.md",
            "collapseAll": false,
            "extraContext": false,
            "sortOrder": "alphabetical",
            "showSearch": false,
            "searchQuery": "",
            "backlinkCollapsed": false,
            "unlinkedCollapsed": true
          }
        }
      },
      {
        "id": "f8379304a2452940",
        "type": "leaf",
        "state": {
          "type": "outgoing-link",
          "state": {
            "file": "Геймдизайн/Модули/Боевые/Вооружение/Лазеры/Лазеры.md",
            "linksCollapsed": false,
            "unlinkedCollapsed": true
          }
        }
      },
      {
        "id": "45bbbb99283d2b1d",
        "type": "leaf",
        "state": {
          "type": "outline",
          "state": {
            "file": "Геймдизайн/Модули/Боевые/Вооружение/Лазеры/Лазеры.md"
          }
        }
      }
    ],
    "currentTab": 0
  },
  "left-ribbon": {
    "hiddenItems": {
      "switcher:Меню быстрого перехода": false,
      "graph:Граф": false,
      "canvas:Создать новый холст": false,
      "daily-notes:Сегодняшняя заметка": false,
      "templates:Вставить шаблон": false,
      "command-palette:Открыть палитру команд": false
    }
  },
  "active": "6a37d44831c3cec1",
  "lastOpenFiles": [
    "Геймдизайн/Модули/Защитные/Тепловые щиты/Тепловой щит.md",
    "Геймдизайн/Модули/Защитные/Тепловые щиты",
    "Геймдизайн/Модули/Защитные/Бронеплиты/Бронеплиты.md",
    "Геймдизайн/Модули/Защитные/Защитные.md",
    "Геймдизайн/Модули/Защитные/Бронеплиты",
    "Геймдизайн/Модули/Боевые/Вооружение/Пушки/Пушки.md",
    "Геймдизайн/Модули/Боевые/Вооружение/Ракеты/Ракеты.md",
    "Геймдизайн/Модули/Боевые/Вооружение/Лазеры/Лазеры.md",
    "Геймдизайн/Модули/Боевые/Вооружение/Вооружение.md",
    "Геймдизайн/Модули/Жилые/Жилые.md",
    "Геймдизайн/Модули/Боевые/Вооружение/Ракеты",
    "Геймдизайн/Модули/Боевые/Вооружение/Пушки",
    "Геймдизайн/Модули/Боевые/Вооружение/Лазеры",
    "Геймдизайн/Модули/Модули связи/Модули связи.md",
    "Геймдизайн/Модули/Исследовательские/Исследовательские.md",
    "Геймдизайн/Модули/Боевые",
    "Лор/Модули/Модули 1.md",
    "Геймдизайн/Модули/Вооружение/Лазеры",
    "Геймдизайн/Модули/Жилые",
    "Геймдизайн/Модули/Уникальные",
    "Геймдизайн/Модули/Модули связи",
    "Геймдизайн/Модули/Модули.md",
    "Геймдизайн/Корабли/Корабль.md",
    "Геймдизайн/Геймплей/Исследование.md",
    "Геймдизайн/Геймплей/Сражение.md",
    "Геймдизайн/Квесты/Квесты.md",
    "Геймдизайн/Мир/Станция (косм.).md",
    "Геймдизайн/Мир/Пояс астероидов.md",
    "Геймдизайн/Мир/Планетная система.md",
    "Геймдизайн/Мир/Планета.md",
    "Геймдизайн/Мир.md",
    "Тз.md",
    "Лор/Государства/Свободный торговый союз.md",
    "Лор/Государства/Объединенные системы (Varpco).md",
    "Лор/Корабли/Корабли.md",
    "Screenshot_2024-04-09-02-24-54-878_com.zchandev.iChan.png",
    "Untitled.canvas"
  ]
}